{
  "temperature": 0.6564154796404065,
  "baseline_ece": 0.22305941027211082,
  "calibrated_ece": 0.010242171725719283
}