{
  "model_name": "TinyVGG",
  "train_loss": [
    1.1063197255134583,
    1.09980209171772,
    1.0868745744228363,
    1.0845105797052383,
    1.0661876499652863,
    1.0306920111179352,
    0.9847783446311951,
    0.9643720537424088,
    0.9235151782631874,
    0.9866287484765053
  ],
  "train_accuracy": [
    30.46875,
    32.8125,
    48.828125,
    39.84375,
    42.1875,
    43.75,
    42.1875,
    58.203125,
    59.765625,
    46.484375
  ],
  "test_loss": [
    1.0983209212621052,
    1.069682280222575,
    1.080837329228719,
    1.060623009999593,
    1.0655627648035686,
    1.0142847696940105,
    0.9320991436640421,
    1.0012091795603435,
    1.0676910877227783,
    1.036477307478587
  ],
  "test_accuracy": [
    30.113636363636363,
    54.166666666666664,
    49.24242424242425,
    58.333333333333336,
    56.43939393939394,
    54.26136363636363,
    59.375,
    45.35984848484848,
    33.23863636363637,
    39.3939393939394
  ]
}